;1;2;3;4;5;6;7;8;9;10
0;0;1;1;0;0;0;1;0;1;1
1;1;1;0;1;0;1;0;1;0;0
2;0;1;0;0;0;0;1;0;1;1
3;1;1;0;1;0;1;1;1;1;1
4;0;1;1;1;0;0;1;1;0;0
5;0;0;0;0;0;0;0;0;0;0
6;1;1;1;0;0;1;1;1;1;1
7;1;1;1;1;0;0;1;1;1;1
8;0;1;1;0;1;0;1;0;1;1
9;1;1;0;0;0;0;1;0;0;0
10;0;1;1;1;0;0;1;0;1;1
11;0;1;1;0;0;0;1;0;1;0
12;0;1;1;1;0;1;1;0;1;0
13;1;1;0;1;0;1;0;1;0;0
14;0;1;1;1;0;1;1;0;1;1
15;0;1;1;0;0;0;1;0;1;1
16;0;1;1;1;0;1;1;0;1;0
17;1;1;0;1;0;0;1;0;1;1
18;0;1;0;1;0;1;1;1;1;1
19;0;1;0;1;0;0;1;0;1;0
20;1;1;1;0;1;0;0;1;0;0
21;0;1;1;0;0;0;1;1;1;1
22;0;1;0;0;0;0;1;1;1;1
23;0;1;1;0;0;0;1;0;0;1
24;0;1;0;1;1;1;1;1;0;1
25;1;1;0;1;0;1;0;1;0;0
26;1;1;1;0;0;0;1;1;1;1
27;0;1;0;1;0;0;1;0;1;1
28;0;1;0;0;0;0;1;0;1;1
29;1;1;0;0;0;0;1;0;1;1
30;1;0;1;1;0;1;0;1;1;1
31;1;1;0;0;0;0;1;0;1;1
32;1;1;0;1;0;1;0;1;0;0
33;0;1;0;1;0;1;0;1;1;0
34;0;1;0;0;0;0;1;1;1;1
35;0;1;1;1;0;1;0;1;1;1
36;1;1;0;0;0;0;1;0;1;1
37;1;1;0;1;0;1;0;1;0;0
38;1;1;0;0;0;0;1;0;1;1
39;1;1;0;1;0;0;0;1;1;1
40;1;1;1;0;1;1;0;1;1;1
41;1;1;0;1;0;1;1;1;0;0
42;0;1;1;1;0;1;0;1;1;1
43;0;1;0;0;0;0;1;0;1;1
44;1;1;1;0;0;1;1;0;0;1
45;1;1;1;0;0;0;1;0;1;1
46;1;1;0;1;0;0;1;0;0;0
47;0;1;0;0;0;0;1;0;1;1
48;1;1;0;0;0;0;0;0;1;1
49;1;1;0;1;0;1;0;1;0;1
50;1;1;0;0;0;0;1;0;1;1
51;0;0;1;1;1;1;0;0;0;0
52;0;1;0;0;0;0;1;0;1;1
53;0;1;0;0;0;0;1;0;1;1
54;0;1;0;0;0;0;1;0;1;1
55;0;1;1;0;0;0;1;1;1;1
56;1;1;1;0;0;0;1;0;1;1
57;1;1;1;1;0;1;1;1;1;0
58;1;1;0;0;0;1;1;0;1;1
59;0;1;1;0;0;0;1;0;0;1
60;0;1;1;1;0;0;1;1;0;1
61;0;1;0;0;0;0;1;0;1;1
62;0;1;1;1;0;1;1;0;1;1
63;0;1;0;0;0;0;1;0;1;1
64;1;1;0;0;0;0;1;0;1;1
65;1;1;1;1;0;1;1;1;1;1
66;0;1;0;0;0;0;1;1;1;1
67;0;1;1;0;0;0;1;0;1;1
68;0;1;0;1;0;1;1;1;1;1
69;0;1;0;0;0;0;1;0;1;1
70;0;1;1;1;0;0;1;1;0;1
71;0;1;1;1;0;0;1;0;1;1
72;0;1;0;1;0;0;1;0;1;1
73;0;1;0;1;0;0;1;0;1;1
74;1;1;0;1;0;0;1;0;1;1
75;0;1;0;0;0;0;1;0;1;1
76;1;1;1;0;0;0;1;0;1;1
77;1;1;1;0;0;0;1;0;1;1
78;0;1;1;1;0;1;1;0;1;1
79;1;0;0;1;1;1;0;1;0;0
80;0;1;1;0;0;0;1;0;1;1
81;0;1;1;0;0;0;1;0;1;1
82;1;1;1;1;0;1;0;0;0;1
83;0;1;0;0;0;0;1;0;1;1
84;1;1;0;1;0;1;0;1;0;1
85;1;1;1;0;0;0;1;0;1;1
86;0;1;1;0;0;0;1;1;1;1
87;0;1;1;1;0;0;1;0;1;1
88;1;1;0;1;0;1;0;1;0;0
89;0;1;1;1;0;0;1;0;1;1
90;1;1;0;0;1;0;1;1;1;1
91;1;1;1;0;0;0;1;0;1;1
92;0;1;0;1;0;1;0;1;0;0
93;0;1;1;1;0;0;1;1;0;1
94;1;1;0;0;0;0;1;1;1;1
95;1;1;0;0;0;0;1;0;1;1
96;0;1;1;0;0;0;1;0;1;1
97;0;1;1;0;0;0;1;1;1;1
98;0;1;0;0;0;0;1;0;1;1
99;0;1;0;1;0;0;1;0;1;1
100;0;1;1;0;0;0;1;0;1;1
101;1;1;0;0;0;0;1;0;1;1
102;0;0;0;1;0;0;0;0;0;0
103;1;1;1;1;0;0;1;0;1;1
104;1;1;0;1;0;0;0;0;0;1
105;1;1;0;0;0;0;1;0;1;1
106;0;1;1;1;0;1;0;1;1;1
107;1;1;0;1;1;0;0;0;1;0
108;0;1;1;0;0;1;1;1;1;1
109;1;1;0;1;0;1;0;1;0;1
110;1;1;0;1;0;1;1;1;0;1
111;0;1;1;0;0;0;1;1;1;1
112;1;1;1;1;0;1;1;1;0;1
113;0;1;1;1;0;1;1;0;0;0
114;1;1;0;1;0;1;0;1;0;0
115;0;1;1;1;0;1;1;1;1;1
116;1;1;0;0;0;0;1;0;1;1
117;0;1;0;1;0;1;1;0;1;0
118;0;1;1;0;0;1;1;0;1;1
119;0;1;1;0;0;0;1;0;1;1
120;1;1;1;1;0;0;1;1;0;1
121;1;1;0;1;0;1;0;1;0;1
122;0;1;1;1;0;0;1;0;1;1
123;0;1;1;1;0;0;1;0;1;1
124;0;0;1;1;0;0;1;0;1;1
125;0;1;0;0;0;0;1;0;1;1
126;0;1;1;0;0;0;1;0;1;1
127;0;1;1;0;0;0;1;0;1;1
128;1;1;0;0;0;0;1;0;1;1
129;1;0;0;1;0;0;1;0;1;1
130;0;1;1;1;0;0;1;0;1;0
131;0;1;1;0;0;0;1;0;1;0
132;1;1;1;1;0;0;0;1;0;0
133;1;1;0;1;0;1;1;1;1;1
134;1;1;1;1;0;1;1;0;1;1
135;0;1;0;1;0;1;0;1;1;1
136;0;1;1;0;0;0;1;1;1;0
137;0;1;0;1;0;0;1;1;1;0
138;0;1;1;1;0;0;1;0;1;1
139;0;1;0;1;0;1;1;1;0;1
140;0;1;1;1;0;1;0;0;0;1
141;1;1;1;1;0;0;1;0;1;1
142;1;1;0;1;0;1;1;0;1;1
143;0;1;1;1;0;1;0;1;1;0
144;0;1;1;1;0;1;1;0;0;1
145;1;1;0;1;0;1;0;1;0;1
146;0;1;1;0;0;0;1;0;1;1
147;0;1;1;0;0;0;1;0;1;1
148;0;1;0;0;0;0;1;0;1;1
149;1;1;1;1;0;1;1;0;1;1
150;0;1;0;0;0;0;1;0;1;1
151;0;1;1;0;0;0;1;0;1;1
152;0;1;0;0;0;1;1;0;1;1
153;1;1;1;0;0;0;1;0;1;1
154;0;1;1;0;0;1;1;1;1;1
155;1;1;1;0;0;0;1;0;0;0
156;0;1;1;1;0;0;1;0;1;1
157;0;1;1;1;0;0;1;0;1;1
158;0;1;1;0;0;1;1;0;1;1
159;0;1;0;0;0;0;1;1;1;1
160;0;1;1;0;0;0;1;0;1;0
161;0;1;1;0;0;0;1;1;0;1
162;0;1;0;1;0;1;0;0;0;1
163;0;1;0;1;0;1;0;1;1;1
164;1;1;0;0;0;0;1;0;1;1
165;1;1;1;0;0;0;1;0;1;1
166;1;1;0;1;0;1;0;0;1;1
167;0;1;1;0;0;0;1;0;0;1
168;0;1;1;0;0;1;1;1;1;1
169;1;1;1;0;0;1;1;0;0;0
170;0;1;1;0;0;0;1;0;1;1
171;1;1;1;1;0;0;1;1;0;1
172;0;1;0;0;0;0;1;0;0;1
173;1;1;0;0;0;0;1;0;1;1
174;0;1;1;1;0;0;1;0;1;1
175;0;1;0;0;0;0;1;0;1;1
176;0;1;1;0;0;0;1;0;1;1
177;0;1;1;1;0;1;0;0;1;1
178;0;1;1;1;0;1;0;1;0;1
179;1;1;0;1;1;1;1;0;0;0
180;1;1;0;1;0;0;0;1;0;0
181;0;1;0;0;0;0;1;0;1;1
182;1;1;1;1;0;0;1;1;0;0
183;1;1;0;1;0;1;0;1;0;1
184;1;1;0;1;1;0;1;0;1;1
185;0;1;1;0;0;0;1;0;1;1
186;0;1;1;1;0;1;0;1;0;1
187;1;1;0;0;0;0;1;0;0;1
188;0;1;1;0;0;1;1;0;1;1
189;0;1;1;1;0;1;1;0;1;1
190;0;1;0;0;0;0;1;0;1;1
191;1;0;0;1;0;1;1;0;0;0
192;0;0;0;1;0;0;1;0;0;0
193;0;1;0;0;0;0;1;0;1;1
194;0;1;1;1;0;0;0;1;1;1
195;0;1;0;0;0;1;1;0;0;1
196;1;0;0;0;0;1;0;0;0;0
197;0;1;0;1;0;0;0;1;0;0
198;1;1;1;1;1;1;1;1;1;1
199;1;1;0;1;0;1;0;0;0;0
200;1;1;1;1;1;1;0;0;0;0
201;1;0;0;1;0;1;0;1;0;0
202;1;1;0;1;0;1;1;1;0;0
203;0;1;0;1;1;1;0;1;0;0
204;1;1;0;1;0;1;0;1;0;0
205;1;1;1;1;1;1;0;1;0;0
206;1;1;1;1;1;0;0;0;1;0
207;1;1;0;0;0;0;1;0;1;1
208;0;1;1;1;0;1;1;0;1;1
209;0;1;1;0;0;0;1;1;1;1
210;1;0;0;1;0;1;0;1;0;0
211;1;1;0;1;1;1;0;0;0;0
212;0;1;1;1;0;0;1;0;1;1
213;0;1;1;0;0;0;1;0;0;1
214;0;1;0;0;0;0;1;0;1;1
215;1;1;0;1;0;1;0;1;0;1
216;0;1;1;1;0;0;1;1;1;1
217;0;1;1;1;0;0;1;1;1;1
218;1;0;0;1;0;1;0;1;0;0
219;1;1;1;1;0;0;1;0;1;1
220;0;1;1;0;0;1;1;0;1;1
221;0;1;0;1;1;1;0;1;0;0
222;0;1;1;1;0;0;1;0;1;1
223;1;1;0;1;0;0;1;0;1;1
224;1;1;0;1;0;1;0;1;0;1
225;0;1;1;0;0;0;1;0;1;1
226;0;1;1;1;0;0;1;0;1;1
227;1;1;0;0;0;0;1;0;1;1
228;0;1;1;0;0;0;1;0;1;1
229;0;1;1;1;0;0;1;0;1;1
230;0;1;1;0;0;0;1;0;1;1
231;0;1;1;1;0;0;1;0;1;0
232;0;1;1;1;0;0;1;0;1;1
233;0;1;1;1;0;1;1;0;1;1
234;1;1;0;1;0;0;1;1;1;1
235;0;1;0;1;0;0;1;0;1;1
236;0;1;1;1;0;0;1;0;1;1
237;0;1;1;1;0;0;1;1;1;1
238;0;0;1;0;0;0;1;0;1;1
239;1;1;0;1;1;1;0;1;0;0
240;1;1;0;1;1;1;0;1;0;0
241;0;1;1;1;0;1;1;0;1;1
242;1;0;0;1;1;1;0;0;0;0
243;0;1;0;1;0;0;1;1;1;1
244;0;1;1;1;0;0;1;1;1;1
245;0;0;1;1;0;1;0;0;1;1
246;0;1;1;0;0;0;1;0;1;1
247;0;1;1;0;0;0;1;0;1;1
248;1;1;1;1;0;0;1;0;0;1
249;0;1;1;1;1;0;1;0;1;1
250;0;1;1;0;0;0;1;0;1;1
251;0;1;1;1;0;0;1;0;1;1
252;0;1;1;1;0;1;1;1;1;1
253;0;1;1;1;0;1;1;0;1;1
254;0;1;1;0;0;0;1;0;1;1
255;0;1;1;1;0;1;1;0;1;1
256;0;1;1;0;0;1;1;1;1;1
257;0;1;1;1;0;0;1;0;1;1
258;0;1;1;1;0;1;1;0;1;1
259;0;1;1;1;0;1;1;0;0;1
260;1;1;0;1;0;1;0;1;1;1
261;0;1;1;1;0;0;1;0;1;1
262;0;1;1;0;0;0;1;0;1;1
263;0;1;1;0;0;0;1;0;1;1
264;0;1;1;0;0;0;1;0;1;1
265;0;1;1;0;0;0;1;0;1;1
266;0;1;1;0;0;0;1;0;1;1
267;1;1;1;1;0;1;1;1;1;1
268;1;1;1;1;0;1;1;1;1;1
269;1;1;0;1;0;1;0;1;0;0
270;1;1;0;1;0;1;0;1;0;0
271;0;1;1;0;0;0;1;0;1;1
272;0;1;1;1;0;1;0;0;1;1
273;0;1;1;1;0;1;1;1;1;1
274;0;1;1;0;0;1;1;0;1;1
275;0;1;1;0;0;0;1;0;1;1
276;1;1;1;1;0;0;1;0;1;1
277;1;1;1;0;0;0;1;0;1;1
278;0;1;0;1;0;0;1;0;1;1
279;1;1;1;0;0;0;1;0;1;1
280;0;1;1;0;0;0;1;0;1;1
281;1;1;0;1;0;1;0;1;0;0
282;0;1;1;1;0;1;1;0;1;1
283;1;0;0;1;0;1;0;1;0;0
284;0;1;1;0;0;0;1;0;1;1
285;1;1;0;1;0;1;0;1;0;0
286;0;1;1;1;0;0;1;0;1;1
287;0;1;1;1;0;0;1;0;1;1
288;1;0;0;1;0;1;0;1;0;0
289;0;1;1;1;0;1;1;1;1;1
290;1;1;1;1;0;1;0;1;1;1
291;0;1;1;1;0;0;1;0;1;1
292;0;1;1;1;0;0;1;0;1;1
293;0;1;1;1;0;0;1;1;1;1
294;0;1;0;1;0;1;0;1;0;0
295;1;1;1;1;0;0;0;0;1;1
296;0;1;1;1;0;0;1;1;1;1
297;0;1;1;1;0;0;1;1;1;1
298;0;1;1;0;0;0;1;0;1;1
299;0;1;1;0;0;1;1;0;1;1
300;0;1;1;1;0;0;1;0;1;1
301;0;1;1;0;0;0;1;0;1;1
302;1;1;1;1;0;0;1;0;1;1
303;0;1;1;1;0;0;1;1;1;1
304;0;1;1;0;0;1;1;0;1;1
305;0;1;0;1;0;1;0;1;0;0
306;1;1;1;0;0;0;1;0;1;1
307;0;1;1;0;0;0;1;1;1;1
308;0;1;1;0;0;0;1;0;1;1
309;0;1;0;1;1;1;0;0;0;0
310;1;1;1;1;0;0;1;0;1;1
311;0;1;1;0;0;0;1;0;1;1
312;0;1;0;1;0;0;1;0;1;1
313;0;1;1;1;0;0;1;0;1;1
314;0;1;1;1;0;0;1;0;1;1
315;0;1;1;1;0;0;1;0;1;1
316;0;1;1;1;0;0;1;0;1;1
317;0;0;0;1;1;0;1;1;1;1
318;1;1;1;1;0;0;1;0;1;1
319;1;0;0;0;1;1;0;1;0;0
320;1;1;1;0;0;1;1;1;1;1
321;1;1;1;1;0;1;1;1;1;1
322;0;1;1;1;0;1;1;0;1;1
323;0;1;0;1;0;0;1;0;1;1
324;0;1;1;0;0;0;1;0;1;1
325;0;1;1;1;0;0;1;1;1;1
326;0;1;1;1;0;0;1;0;1;1
327;1;0;0;0;0;0;1;0;1;1
328;1;1;1;0;0;1;1;1;0;1
329;1;1;0;1;0;0;1;1;1;1
330;1;1;1;0;0;0;1;1;1;1
331;0;1;0;1;0;0;1;0;0;1
332;1;1;0;0;0;0;1;0;1;1
333;1;1;1;0;0;0;1;0;1;1
334;1;1;1;0;0;0;1;0;0;1
335;0;1;0;1;0;0;0;0;0;1
336;0;1;1;1;0;0;1;0;1;1
337;1;1;0;1;0;0;1;0;0;0
338;0;1;1;0;0;0;1;1;1;0
339;0;1;0;0;0;0;1;0;0;1
340;0;1;1;1;0;0;0;0;0;1
341;0;1;0;1;0;0;1;0;1;0
342;1;1;0;1;0;1;0;1;1;1
343;1;1;1;0;0;0;1;0;1;1
344;1;1;0;0;0;1;1;0;1;1
345;0;1;1;0;0;1;1;0;1;1
346;1;1;1;1;0;0;1;1;1;0
347;1;1;0;0;0;0;1;0;1;1
348;1;1;0;0;0;0;1;0;1;0
349;0;1;1;1;0;1;0;1;0;0
350;0;1;0;1;0;0;1;0;1;1
351;0;1;1;1;0;0;1;0;1;1
352;0;1;1;1;0;1;1;1;0;0
353;0;1;0;0;0;0;1;0;1;1
354;1;1;0;1;0;0;1;0;1;1
355;0;1;0;0;0;0;1;1;0;1
356;0;1;1;0;0;1;1;0;1;1
357;0;1;1;1;0;0;1;1;1;1
358;0;1;1;1;0;0;1;0;0;1
359;1;1;1;1;0;0;1;0;0;0
360;0;1;1;1;0;0;0;1;0;1
361;0;1;0;1;0;1;0;0;0;1
362;1;1;0;0;0;0;1;0;1;1
363;0;1;0;0;0;0;0;0;0;1
364;0;1;1;1;0;1;0;1;0;0
365;0;1;1;0;0;0;1;0;0;1
366;0;1;1;1;0;0;1;1;0;1
367;0;1;1;1;0;0;1;0;1;0
368;0;1;0;1;0;0;1;0;1;1
369;1;1;1;1;0;0;1;0;1;1
370;1;1;1;0;0;0;1;1;1;1
371;1;1;0;0;0;0;1;0;0;0
372;0;1;0;1;0;0;1;0;1;1
373;1;1;1;1;0;0;1;0;0;1
374;0;1;0;0;0;0;1;0;1;1
375;0;1;1;0;0;0;1;0;1;1
376;0;1;0;0;0;0;1;0;1;1
377;1;1;1;1;0;0;1;0;1;1
378;1;1;1;1;0;0;1;0;0;1
379;0;1;1;1;0;0;1;0;1;1
380;0;1;0;1;0;0;1;0;1;1
381;0;1;0;1;0;0;1;1;1;1
382;0;1;0;0;0;1;1;0;1;0
383;0;1;0;1;0;1;1;0;0;1
384;1;1;1;1;0;0;1;0;0;1
385;0;1;0;1;0;0;0;0;0;0
386;1;1;1;1;0;0;1;0;1;1
387;1;1;0;1;0;1;1;1;1;0
388;0;1;0;1;0;0;1;0;0;1
389;1;1;1;1;0;1;0;1;1;1
390;1;1;1;1;0;1;1;0;1;1
391;0;1;1;1;0;0;1;0;1;1
392;0;1;1;1;0;0;1;0;1;1
393;0;1;0;0;1;0;1;1;1;0
394;1;1;0;0;1;0;1;0;1;0
395;0;1;1;1;0;0;1;0;1;0
396;0;1;0;1;0;1;1;1;1;1
397;0;1;1;0;0;0;1;1;1;1
398;1;1;0;1;0;0;1;0;1;1
399;1;1;1;0;0;1;1;0;1;1
400;0;1;0;1;0;0;1;0;0;0
401;1;1;0;1;0;1;1;0;1;1
402;1;1;0;1;0;1;1;1;1;0
403;1;1;0;1;0;0;1;0;0;1
404;1;1;0;1;0;0;1;0;1;1
405;0;1;1;1;0;0;1;0;0;1
406;0;1;0;0;0;0;1;0;1;1
407;0;1;1;1;1;0;1;0;1;1
408;1;1;0;0;0;0;1;0;1;1
409;1;1;0;1;0;1;1;0;1;1
410;0;1;0;0;0;0;1;0;1;1
411;1;1;0;1;0;1;1;0;1;1
412;0;1;1;1;0;1;1;1;1;0
413;1;1;0;1;0;0;1;0;1;1
414;0;1;1;1;0;0;1;0;1;1
415;0;1;0;0;0;0;1;0;0;1
416;0;1;0;1;0;0;1;1;1;0
417;0;1;0;1;0;0;1;1;1;0
418;0;1;0;0;0;0;1;0;1;1
419;1;1;0;1;0;1;0;1;1;1
420;1;1;1;0;0;0;1;1;0;1
421;1;1;0;0;0;0;1;0;1;1
422;0;1;1;1;0;1;1;0;1;1
423;1;1;0;0;0;0;1;0;1;1
424;0;1;1;1;0;0;1;0;1;1
425;0;1;0;0;0;0;1;1;1;1
426;0;1;1;1;0;0;1;0;1;1
427;1;1;1;1;0;0;1;0;1;1
428;0;1;1;1;0;0;1;0;1;1
429;1;1;0;1;0;0;1;1;1;1
430;0;1;0;1;0;0;1;0;1;1
431;1;1;1;0;0;0;1;0;1;1
432;0;1;1;0;0;0;1;0;1;1
433;1;1;0;1;0;0;0;1;0;1
434;1;0;0;1;0;1;0;1;0;0
435;0;1;1;0;0;1;1;0;1;1
436;0;1;1;0;0;0;1;1;1;1
437;0;1;1;1;0;1;1;1;1;0
438;1;1;1;0;0;1;0;0;0;0
439;0;1;0;1;0;0;1;1;0;1
440;0;1;1;0;0;0;1;0;1;1
441;0;1;1;0;0;0;1;1;1;1
442;0;1;1;1;0;1;1;1;1;1
443;0;1;1;0;0;0;1;0;0;1
444;1;0;0;1;1;1;0;1;0;0
445;1;1;1;0;0;0;1;0;1;1
446;1;0;0;0;0;0;1;0;1;1
447;0;1;0;0;0;1;1;0;1;1
448;0;1;0;0;0;0;1;0;1;1
449;1;1;0;1;0;0;1;0;1;1
450;0;1;1;1;0;1;1;1;0;1
451;0;1;0;1;0;0;1;0;1;0
452;0;1;0;0;0;0;1;0;0;1
453;0;1;0;0;0;0;1;1;1;1
454;0;1;1;0;0;0;1;1;1;1
455;0;1;0;0;0;0;1;0;1;1
456;0;1;0;1;0;0;1;0;1;1
457;0;0;0;0;0;0;1;0;1;1
458;0;1;1;0;0;0;1;0;1;1
459;0;1;0;1;0;0;1;0;1;1
460;0;1;1;0;0;0;1;0;0;1
461;0;1;1;0;0;0;1;0;1;1
462;0;1;0;1;0;0;1;0;1;1
463;1;1;1;1;0;0;1;1;1;1
464;1;1;0;0;0;0;0;0;0;1
465;1;1;1;0;0;0;1;0;1;1
466;0;1;1;0;0;0;1;1;1;1
467;0;1;0;0;0;0;1;0;1;0
468;0;1;0;1;0;0;1;1;1;0
469;0;1;1;1;0;0;1;0;0;0
470;0;1;0;0;0;0;1;0;1;1
471;0;1;0;1;0;0;1;0;1;1
472;0;1;0;0;0;0;1;0;1;1
473;0;1;1;0;0;0;1;0;1;1
474;0;1;1;1;0;0;1;1;1;1
475;0;1;1;0;0;1;1;0;0;1
476;0;1;1;1;0;1;1;0;1;1
477;0;1;1;1;0;0;0;0;0;1
478;1;1;1;1;0;0;1;0;1;1
479;0;1;1;1;0;0;1;0;1;1
480;0;1;0;1;0;0;0;1;0;0
481;0;1;1;0;0;0;1;0;0;0
482;0;1;1;1;0;0;1;0;0;0
483;0;1;0;1;0;1;1;1;0;0
484;0;1;1;0;0;0;1;0;1;1
485;0;1;1;1;0;1;1;0;1;1
486;0;1;0;0;0;1;1;0;0;1
487;1;1;0;1;0;0;0;0;0;1
488;0;1;0;1;0;0;1;1;0;0
489;0;1;1;1;0;1;1;1;0;0
490;1;1;0;1;0;0;1;0;0;1
491;1;1;0;1;0;1;0;0;0;0
492;0;1;1;0;0;1;1;1;1;1
493;1;1;0;0;1;1;1;0;1;1
494;0;1;1;1;0;1;1;0;1;1
495;0;1;1;1;0;0;1;0;1;0
496;0;1;0;0;0;1;1;0;1;1
497;1;1;1;1;0;0;1;0;1;1
498;0;1;1;0;0;1;1;0;1;1
499;1;1;0;1;0;0;1;0;1;1
500;0;1;1;1;0;0;1;0;1;0
501;0;1;1;1;0;0;1;1;1;1
502;0;1;0;0;0;0;1;1;1;1
503;0;1;1;1;0;0;1;1;1;1
504;0;1;0;0;0;0;1;0;0;1
505;1;1;1;0;0;0;1;0;1;1
506;0;1;1;1;0;0;1;0;1;1
507;0;1;1;0;0;0;1;0;1;1
508;0;1;1;1;0;0;1;1;1;1
509;0;0;0;1;0;0;1;0;1;1
510;0;1;0;1;0;0;1;0;1;1
511;1;1;0;1;0;1;1;0;0;1
512;0;1;1;1;0;1;1;0;1;1
513;1;1;1;0;0;0;1;0;1;1
514;1;1;0;0;0;0;1;0;1;1
515;0;1;1;0;0;0;1;1;1;0
516;1;1;1;1;0;0;0;0;1;0
517;0;1;1;0;0;0;1;0;1;1
518;0;1;1;1;0;0;1;0;1;1
519;0;1;1;1;0;1;0;1;1;0
520;1;1;0;0;0;0;1;0;1;1
521;0;1;1;1;0;1;1;1;0;0
522;0;1;0;0;0;0;1;0;1;1
523;0;1;1;1;0;1;1;1;1;0
524;0;1;0;1;0;1;1;0;0;1
525;1;1;1;1;0;0;1;0;0;1
526;0;1;1;0;0;0;1;0;1;1
527;0;1;1;1;0;0;1;0;1;1
528;0;1;1;1;0;0;1;1;0;0
529;0;1;0;0;0;0;1;0;1;0
530;0;1;1;0;0;0;1;0;1;1
531;1;1;1;1;0;1;1;0;0;1
532;0;0;0;1;0;0;1;1;1;1
533;0;1;0;1;0;0;1;1;0;0
534;1;0;1;1;0;0;1;0;0;1
535;0;1;1;0;0;0;1;0;1;1
536;0;1;1;0;0;0;1;0;1;1
537;1;1;0;1;0;0;1;0;1;1
538;0;1;0;1;0;1;1;1;0;1
539;0;1;0;1;0;0;1;1;1;1
540;1;1;0;1;0;1;1;1;0;1
541;0;1;0;0;0;0;1;0;1;1
542;1;1;1;1;0;1;1;1;0;1
543;0;1;1;1;0;0;0;0;0;1
544;1;1;1;1;0;1;0;1;0;0
545;1;1;0;1;1;0;1;1;0;0
546;0;1;0;0;0;0;1;0;1;1
547;0;1;0;0;1;0;1;0;1;1
548;1;1;1;0;0;0;1;0;1;1
549;0;1;0;0;0;0;1;0;1;1
550;0;1;1;0;0;0;1;0;1;1
551;0;1;1;0;0;0;1;0;1;1
552;0;1;0;0;0;0;1;1;1;1
553;0;1;1;0;0;1;1;1;0;0
554;1;1;1;1;0;0;1;1;1;1
555;0;1;1;0;0;0;1;0;1;1
556;1;1;1;1;0;1;0;1;0;1
557;1;1;0;1;0;0;1;1;1;0
558;0;1;0;1;0;0;0;0;1;1
559;0;1;1;1;0;0;1;0;1;1
560;1;1;1;0;0;1;1;0;1;1
561;0;1;0;0;1;0;1;0;1;1
562;1;1;0;1;0;0;1;0;1;0
563;0;1;1;1;0;0;1;0;1;1
564;0;1;1;1;0;1;1;1;0;1
565;1;1;1;1;0;1;1;1;1;1
566;1;1;1;1;0;1;1;0;1;1
567;0;1;0;0;0;1;1;0;1;1
568;0;1;0;1;0;0;0;0;1;0
569;0;1;0;1;0;0;1;0;1;1
570;1;1;1;0;0;0;1;0;1;0
571;0;1;1;1;0;0;1;1;0;1
572;0;1;1;1;0;0;1;0;0;1
573;1;1;1;0;0;0;1;0;1;1
574;0;1;1;1;0;0;1;0;1;0
575;0;1;1;1;0;0;1;0;0;1
576;0;1;0;0;0;1;1;1;1;1
577;0;1;1;1;0;0;0;1;0;1
578;1;1;1;0;0;0;1;0;1;1
579;1;1;0;1;0;0;1;1;0;1
580;1;1;0;1;0;1;0;0;0;1
581;1;0;1;0;0;0;1;0;1;1
582;0;1;1;0;0;0;1;0;1;1
583;0;1;1;0;0;0;1;1;0;1
584;1;1;0;0;0;0;1;1;1;1
585;0;1;0;1;0;1;0;0;0;1
586;1;1;0;1;0;0;1;0;0;1
587;1;1;0;0;0;0;1;0;1;1
588;0;1;1;0;0;0;1;1;1;0
589;0;1;0;0;0;0;1;0;1;1
590;1;1;0;1;0;0;1;0;1;1
591;1;1;1;0;0;0;1;0;0;0
592;1;1;0;1;0;1;0;1;0;1
593;0;1;0;1;0;1;0;1;0;0
594;0;1;0;0;1;0;0;0;1;1
595;1;1;1;1;0;1;1;1;1;0
596;0;1;0;0;0;0;1;1;1;0
597;0;1;1;0;0;0;1;0;1;1
598;0;1;1;1;0;1;1;0;0;0
599;0;1;1;0;0;0;1;0;1;1
600;1;1;1;0;0;0;1;1;1;0
601;0;1;1;1;0;0;1;0;1;1
602;1;1;0;1;0;0;1;1;0;1
603;0;1;1;1;0;0;1;0;0;1
604;0;1;1;0;0;0;1;0;1;1
605;0;1;0;1;0;1;1;1;1;1
606;0;0;0;1;0;0;1;1;1;0
607;0;1;1;1;0;0;1;0;1;1
608;0;0;0;1;1;1;1;0;0;1
609;0;1;1;0;0;0;1;1;1;1
610;1;0;1;0;0;0;1;0;1;1
611;1;0;0;0;0;1;1;0;0;1
612;1;1;1;1;0;1;1;0;1;0
613;0;1;1;0;0;0;1;0;1;1
614;1;1;1;1;0;1;1;0;1;1
615;0;0;0;1;0;0;1;0;0;1
616;1;1;0;0;0;0;1;0;1;1
617;1;1;0;1;0;0;1;0;1;1
618;0;1;0;1;0;0;1;1;0;1
619;0;1;0;1;0;0;1;0;1;1
620;0;1;1;1;0;1;1;0;1;1
621;0;1;1;1;0;0;1;0;1;1
622;0;1;0;1;1;0;0;1;0;0
623;0;1;1;1;0;1;0;1;0;1
624;1;1;1;0;0;0;1;0;1;0
625;0;1;1;1;0;0;1;0;0;0
626;0;1;1;1;0;0;1;0;0;1
627;0;1;1;0;0;0;1;0;1;0
628;1;1;0;1;0;0;1;0;1;1
629;0;1;1;1;0;0;1;0;1;1
630;0;1;1;1;0;0;0;1;1;1
631;1;0;0;0;0;0;0;0;1;0
632;1;0;0;1;0;0;1;1;0;1
633;0;1;0;0;0;0;1;0;1;0
634;1;1;0;0;0;0;1;0;1;1
635;0;1;1;1;0;0;0;1;1;1
636;0;1;1;0;0;1;1;0;1;0
637;1;1;1;0;0;0;1;0;1;1
638;0;1;1;0;0;0;1;0;1;1
639;0;1;0;0;0;1;1;0;1;0
640;0;1;1;1;0;0;1;1;0;0
641;1;1;0;1;0;1;1;1;0;1
642;0;1;0;1;0;0;1;0;1;1
643;0;1;0;0;0;0;1;0;1;0
644;0;1;1;0;0;1;1;0;0;1
645;0;1;1;1;0;1;1;1;1;1
646;0;1;1;1;0;1;0;1;0;0
647;0;1;0;0;0;0;1;1;1;1
648;1;1;1;0;0;0;1;1;1;1
649;0;1;0;1;0;0;1;1;1;1
650;1;0;0;1;1;1;0;0;0;0
651;0;1;1;0;0;0;1;1;0;1
652;0;1;0;0;0;0;1;0;0;1
653;0;1;0;0;0;0;1;1;1;1
654;0;1;1;1;0;0;1;1;1;1
655;1;1;0;1;0;0;1;0;1;1
656;0;1;0;0;0;0;1;0;1;1
657;1;1;0;0;0;0;1;0;0;1
658;1;1;0;0;0;0;0;1;0;0
659;0;1;0;0;0;0;1;0;1;0
660;1;1;1;1;0;0;1;1;0;1
661;0;1;0;1;0;0;1;0;1;0
662;0;1;0;1;0;1;1;0;0;0
663;0;1;1;0;0;0;1;0;1;1
664;0;1;1;0;0;0;1;0;0;1
665;0;1;1;1;0;0;1;0;1;0
666;1;1;0;1;0;0;1;0;0;1
667;0;1;0;1;0;0;1;1;0;0
668;0;1;0;1;0;0;1;0;0;1
669;0;1;1;0;0;0;1;0;1;1
670;0;1;1;0;0;0;1;0;1;1
671;0;1;0;0;0;0;1;0;1;0
672;1;1;0;1;0;0;1;0;1;1
673;0;1;1;1;0;0;1;0;1;1
674;1;1;0;1;0;0;1;0;1;0
675;0;1;1;0;0;0;1;0;1;1
676;0;1;0;1;0;0;1;0;1;1
677;0;1;0;1;0;0;1;0;1;1
678;0;1;0;0;0;0;1;1;0;1
679;0;1;0;1;0;0;1;1;0;0
680;0;1;0;1;0;0;1;0;0;1
681;1;1;0;1;0;0;1;1;1;1
682;0;1;1;0;0;0;1;0;1;1
683;1;1;1;0;0;0;1;0;0;1
684;0;1;1;1;1;0;1;0;0;1
685;0;1;1;0;0;0;1;0;1;1
686;0;1;0;1;0;0;0;1;1;1
687;0;1;1;0;0;0;1;0;1;0
688;1;1;1;1;0;0;1;0;1;1
689;1;1;0;1;0;0;1;0;1;0
690;1;1;1;0;0;0;1;0;1;1
691;0;1;0;1;0;0;1;1;1;1
692;0;1;1;1;1;0;1;1;0;1
693;1;1;1;0;0;0;1;0;1;1
694;1;1;1;0;1;0;1;0;1;0
695;0;1;0;0;0;0;1;0;0;1
696;0;1;1;0;0;0;1;0;1;1
697;0;1;1;1;0;0;1;0;0;1
698;0;1;1;1;0;1;0;1;0;0
699;0;1;0;1;0;0;1;0;1;1
700;0;1;1;0;0;0;1;0;1;1
701;0;1;1;1;0;0;1;0;1;1
702;1;0;0;0;0;0;1;0;0;0
703;0;1;0;1;0;0;1;0;1;0
704;1;1;1;1;0;0;1;0;1;1
705;1;1;1;1;0;0;1;0;0;1
706;0;1;1;1;0;1;1;1;0;1
707;0;1;0;0;0;1;1;0;0;0
708;1;1;0;1;0;0;1;0;1;1
709;0;1;0;1;0;0;1;1;1;0
710;0;1;1;1;0;1;1;0;0;0
711;1;1;0;1;0;1;0;1;0;0
712;1;1;1;0;0;0;1;0;1;1
713;0;1;1;1;0;0;1;1;1;1
714;1;1;0;0;0;0;1;0;1;1
715;0;1;0;1;0;0;1;0;0;1
716;0;1;0;1;0;0;1;0;1;1
717;1;1;0;1;0;0;1;0;1;1
718;0;1;1;1;0;0;1;0;0;1
719;0;1;1;0;0;0;1;0;0;1
720;0;1;1;0;0;1;0;1;0;0
721;1;1;0;0;0;0;1;0;1;1
722;0;1;1;0;0;0;1;0;1;1
723;1;1;1;0;0;0;1;0;1;1
724;0;1;1;1;0;1;0;1;0;1
725;1;1;1;1;0;0;1;0;1;1
726;1;1;1;0;0;0;1;0;1;1
727;1;1;0;1;0;0;0;0;1;1
728;0;1;0;0;0;0;1;0;1;1
729;0;1;0;0;0;1;0;0;0;1
730;1;1;0;0;0;1;1;1;1;1
731;1;1;1;1;0;0;1;0;1;1
732;0;1;1;0;0;0;1;0;1;1
733;1;1;1;1;0;0;1;1;0;0
734;1;1;0;0;0;0;0;0;1;1
735;1;1;0;0;0;1;1;0;0;0
736;0;1;0;0;0;0;1;0;0;1
737;0;1;1;1;0;1;1;1;1;1
738;0;1;1;1;0;0;1;0;1;0
739;0;1;1;1;0;0;1;1;1;1
740;0;1;1;1;0;0;1;0;1;1
741;1;1;0;1;0;0;0;1;0;0
742;1;1;1;0;0;0;1;0;1;1
743;0;1;0;0;0;1;1;1;1;1
744;0;1;0;0;0;0;1;0;1;1
745;0;1;1;1;0;1;1;0;1;1
746;0;1;1;0;0;0;1;0;1;1
747;1;1;0;1;0;0;1;0;1;1
748;0;1;0;1;0;0;0;0;0;1
749;0;1;1;1;0;0;0;0;0;1
750;1;1;0;1;0;0;0;0;0;1
751;1;1;0;1;0;0;0;0;0;1
752;0;1;0;0;0;1;1;0;0;1
753;0;1;0;0;0;0;1;0;1;1
754;0;1;1;1;0;0;0;1;1;1
755;1;1;0;0;0;1;1;1;1;1
756;0;1;0;1;0;0;1;1;1;1
757;0;1;1;0;0;1;1;1;0;1
758;0;1;1;1;0;1;1;1;0;1
759;1;1;1;1;0;1;1;1;0;0
760;0;1;0;1;0;0;1;0;0;1
761;1;1;1;0;0;0;1;0;1;1
762;1;1;0;0;0;0;1;0;1;1
763;0;1;0;1;0;0;1;0;1;1
764;0;1;1;1;0;0;1;0;0;1
765;0;1;1;1;0;0;1;0;1;1
766;1;0;0;1;0;0;1;0;1;1
767;0;1;0;1;0;1;1;0;1;1
768;0;1;1;0;0;0;1;0;1;1
769;0;1;0;1;0;0;1;0;1;1
770;0;1;1;0;0;0;1;0;0;1
771;1;1;1;1;0;0;1;1;0;1
772;0;1;0;1;1;0;1;1;0;0
773;1;1;0;0;0;0;1;0;0;1
774;0;1;1;1;1;1;1;0;0;1
775;0;1;0;0;0;0;1;0;1;1
776;1;1;0;1;1;0;1;1;0;1
777;0;1;1;1;0;0;1;0;1;1
778;1;1;0;1;0;0;1;0;1;0
779;1;1;0;1;0;0;1;1;0;0
780;1;0;1;1;0;0;1;0;0;0
781;1;1;0;1;0;1;0;1;0;0
782;0;1;1;0;0;0;1;0;1;1
783;0;1;0;1;0;0;1;0;1;0
784;1;1;0;1;0;0;1;0;1;0
785;1;0;1;1;1;1;1;1;0;1
786;0;1;0;1;0;0;1;0;0;1
787;1;0;0;1;0;1;0;1;0;0
788;0;1;1;1;0;1;1;0;1;1
789;0;1;1;1;0;0;1;0;1;1
790;1;0;1;1;1;0;1;1;1;1
791;0;1;1;0;0;0;1;1;0;0
792;1;1;0;1;0;1;1;1;0;1
793;0;1;1;1;0;1;1;0;0;1
794;0;1;0;1;0;0;1;1;1;1
795;1;1;0;1;0;0;1;0;0;1
796;0;1;1;0;0;0;1;0;0;1
797;0;1;1;1;0;0;1;0;0;0
798;1;1;0;0;0;0;1;1;1;1
799;0;1;1;0;0;1;1;0;0;1
800;0;1;1;0;1;0;1;0;1;1
801;0;1;1;0;0;0;1;1;1;0
802;1;1;0;1;0;0;1;0;1;1
803;1;1;0;1;0;1;1;0;1;1
804;1;1;0;1;0;0;1;1;1;1
805;1;1;1;0;0;0;1;0;0;0
806;0;1;0;0;0;0;1;0;1;1
807;0;1;1;1;0;0;1;0;1;1
808;1;1;0;1;0;0;0;0;0;0
809;1;1;0;1;0;0;1;1;1;0
810;1;1;1;1;0;0;1;1;1;1
811;1;1;0;0;0;0;1;1;1;1
812;0;1;0;0;0;0;1;0;0;1
813;0;1;1;0;0;0;1;1;1;1
814;1;1;1;1;0;0;0;0;1;1
815;0;0;1;1;0;0;1;0;1;1
816;1;1;0;1;0;0;1;0;1;1
817;0;1;1;0;0;0;1;0;1;1
818;0;1;0;1;0;0;1;0;1;1
819;1;1;0;0;0;0;1;1;1;1
820;1;1;0;0;0;0;1;1;0;1
821;0;1;1;1;0;0;1;0;1;1
822;0;1;1;1;0;0;1;0;1;1
823;0;1;1;0;0;0;1;0;1;1
824;1;1;1;1;0;0;0;1;0;1
825;1;1;1;0;0;1;1;0;1;1
826;0;1;0;1;0;1;1;1;1;1
827;1;1;1;0;0;0;1;0;1;0
828;0;1;1;1;0;0;1;0;1;1
829;0;1;1;0;0;1;1;0;0;1
830;1;1;1;0;0;0;1;0;1;0
831;1;1;1;1;0;1;1;0;1;1
832;0;1;1;0;0;0;1;0;1;1
833;0;1;1;1;0;0;1;0;1;0
834;0;1;0;0;0;0;1;0;1;1
835;1;1;0;0;0;0;1;0;1;0
836;0;1;0;1;0;0;1;1;0;1
837;0;1;1;1;0;0;1;0;1;1
838;1;1;1;0;0;0;1;1;1;1
839;0;1;0;1;0;0;1;1;0;1
840;1;1;0;0;0;0;1;0;0;0
841;1;1;0;1;0;0;1;0;1;0
842;1;1;0;0;0;0;1;0;1;1
843;0;1;0;1;0;0;1;0;1;1
844;0;1;1;1;0;1;1;1;1;1
845;0;1;1;1;0;1;1;0;1;1
846;0;0;0;0;1;0;0;0;1;1
847;0;1;1;1;0;0;1;0;0;1
848;0;1;0;1;0;0;1;0;0;0
849;0;1;1;1;0;1;1;1;1;0
850;0;1;1;0;0;0;1;0;1;1
851;1;0;1;1;0;0;1;0;0;1
852;0;1;1;0;0;0;1;0;1;1
853;1;1;1;0;0;0;1;0;1;1
854;0;1;0;1;0;1;1;0;0;0
855;0;1;0;1;0;0;1;0;1;1
856;0;1;1;1;0;1;0;1;0;1
857;0;1;1;1;0;0;1;0;1;1
858;0;1;0;1;0;0;1;1;1;1
859;0;1;1;1;0;1;1;1;1;1
860;0;1;0;1;0;0;1;0;1;1
861;1;1;1;0;0;0;1;0;1;1
862;0;1;0;1;0;0;1;0;1;1
863;1;0;0;1;1;1;0;1;0;0
864;0;1;1;1;0;0;1;0;1;1
865;0;1;1;1;0;0;1;0;1;1
866;1;1;0;1;0;1;1;1;1;1
867;1;1;0;0;0;0;1;0;1;1
868;0;1;0;1;0;0;1;0;1;1
869;0;1;1;0;0;0;1;0;1;1
870;0;1;1;0;0;0;1;0;1;0
871;0;1;1;1;0;1;1;0;1;0
872;0;1;0;1;0;0;1;1;1;1
873;0;1;1;0;0;1;1;0;0;1
874;0;1;1;1;1;1;1;1;1;0
875;1;1;1;1;0;0;1;0;1;1
876;0;1;1;0;0;0;1;0;0;0
877;0;1;0;0;0;0;1;0;1;1
878;1;0;1;1;1;1;1;0;1;0
879;0;1;0;0;0;0;1;0;1;1
880;0;1;0;1;0;1;0;1;1;1
881;0;1;1;0;0;1;1;1;1;1
882;0;1;1;0;0;0;1;0;1;1
883;0;1;1;1;0;0;1;0;1;1
884;1;1;0;0;0;0;1;0;1;1
